fid,ID,Name,Address,Latitude,Longitude,Year,Changes,Category,Status,First decr,First de_1,First de_2,Old protec
1,1,Бібліотека,"Україна, Херсонська область, м.Херсон, Торгова вул., 24",46.6321377,32.6098236,1897р.,,Архітектура,Національного значення,Постанова РМ УРСР,1979/09/06,№ 442,1625
2,2,Святодухівський собор та дзвіниця,"Україна, Херсонська область, м.Херсон, Преображенська вул., 36",46.6345093,32.6062671,1836р.,добудова між 1914 і 1918 рр.,Архітектура,Національного значення,Постанова РМ УРСР,1979/09/06,№ 442,723
3,3,Миколаївська церква,"Україна, Херсонська область, м.Херсон, Мостова вул., 31",46.6355842,32.5889704,Перша половина  XIX  ст.,1902 р. – добудова,Архітектура,Національного значення,Постанова РМ УРСР,1979/09/06,№ 442,1624
4,4,Житловий будинок,"Україна, Херсонська область, м.Херсон, Старообрядницька вул., 14",46.6331257,32.6109443,Перша чверть  XIX  ст.,,Архітектура,Національного значення,Постанова РМ УРСР,1979/09/06,№ 442,1620
5,5,Житловий будинок,"Україна, Херсонська область, м.Херсон, Старообрядницька вул., 23",46.6313865,32.6101345,Середина  XIX  ст.,,Архітектура,Національного значення,Постанова РМ УРСР,1979/09/06,№ 442,1621
6,6,Житловий будинок,"Україна, Херсонська область, м.Херсон, Старообрядницька вул., 36",46.6313915,32.6061019,Кінець XVIII ст.,,Архітектура,Національного значення,Постанова РМ УРСР,1979/09/06,№ 442,1622
7,7,Арсенал,"Україна, Херсонська область, м.Херсон, Перекопська вул., 8-10",46.6374075,32.6264433,1784р.,1819 р.-перебудова,Архітектура,Національного значення,Постанова РМ УРСР,1979/09/06,№ 442,717
8,9,Очаківська брама фортеці (Південна),"Україна, Херсонська область, м.Херсон, Перекопська вул., 13",46.6389429,32.6253907,XVIII ст.,,Архітектура та Історія,Місцевого значення,Розпорядження ОДА,2000/03/03,№ 244,7191890
9,13,Пам'ятник Ф.Ф.Ушакову,"Україна, Херсонська область, м.Херсон, Ушакова пр-т.",46.6419303,32.6131578,1957р.,1970 р. - реставрація,Монументальне мистецтво,Національного значення,Постанова КМУ,2009/09/08,№ 928,1628190
10,15,Лікарня. Будинок колишньої Херсонської губернської лікарні,"Україна, Херсонська область, м.Херсон, Ушакова пр-т., 67",46.6469066,32.6096803,1840-ірр.,,Архітектура та Історія,Місцевого значення,Розпорядження ОДА,1979/09/06,№ 442,1626
11,16,"Резиденція губернатора Будинок, в якому знаходилася перша Рада робітничих та солдатських депутатів м. Херсона","Україна, Херсонська область, м.Херсон, Петра Калнишевського вул., 2",46.636953,32.6224023,1915р.-1917р.,,Архітектура та Історія,Місцевого значення,Рішення облвиконкому,1979/09/06,№ 442,722
12,17,Житловий будинок (Будинок Катасанова).,"Україна, Херсонська область, м.Херсон, Бородицька вул., 1",46.6293477,32.6193481,1820р.,,Архітектура,Національного значення,Постанова РМ УРСР,1979/09/06,№ 442,1627
13,18,Греко-Софійська церква,"Україна, Херсонська область, м.Херсон, Бородицька вул., 11",46.6289099,32.6171312,1780р.,1808 р. перебудова,Архітектура та Історія,Національного значення,Розпорядження Голови Херсонської ОДА,1979/09/06,№ 442,
14,19,Складська споруда (Церква Різдва Богородиці ),"Україна, Херсонська область, м.Херсон, Бородицька вул., 27",46.6277968,32.6121562,Кінець XVIII ст.,1792 р.; 1818 р.; 1885 р.-добудови; 2002 р. – перебудова,Архітектура,Національного значення,Постанова РМ УРСР,1979/09/06,№ 442,
15,20,Пам'ятний знак на честь моряків Дунайської флотилії,"Україна, Херсонська область, м.Херсон, 2-й Слобідський пров.",46.6528809,32.6527434,1941–1945рр.,,Історія,Місцевого значення,Рішення облвиконкому,1983/01/21,№ 59/2,404
16,21,Житловий будинок (мур.),"Україна, Херсонська область, м.Херсон, Пилипа Орлика вул., 8",46.6357269,32.615443,Початок ХХ ст.,,Архітектура,Місцевого значення,Рішення облвиконкому,1990/09/21,№ 154,52-Хр
17,22,Житловий будинок (мур.),"Україна, Херсонська область, м.Херсон, Пилипа Орлика вул., 10",46.635494,32.6145258,1911р.,,Архітектура,Місцевого значення,Рішення облвиконкому,1990/09/21,№ 154,53-Хр
18,23,"Будинок, в якому мешкав Коста Хетагуров","Україна, Херсонська область, м.Херсон, Пилипа Орлика вул., 15",46.63437,32.611598,1900р.,,Історія,Місцевого значення,Рішення облвиконкому,1983/01/21,№ 59/2,52
19,24,"Будинок, пам'ятка архітектури та історії","Україна, Херсонська область, м.Херсон, Пилипа Орлика вул., 26",46.6346494,32.6114415,1918р.,,Історія,Місцевого значення,Рішення облвиконкому,1970/05/14,№ 198/9,15
20,25,Житловий будинок (будинок братів С. та М. Камінських),"Україна, Херсонська область, м.Херсон, Пилипа Орлика вул., 30",46.6343262,32.6097536,1910р.,,Архітектура,Місцевого значення,Рішення облвиконкому,1990/09/21,№ 154,54-Хр
21,26,Житловий будинок (мур.),"Україна, Херсонська область, м.Херсон, Торгова вул., 29",46.6312868,32.6097883,Початок ХХ ст.,,Архітектура,Місцевого значення,Рішення облвиконкому,1990/09/21,№ 154,50-Хр
22,27,Житловий будинок (мур.),"Україна, Херсонська область, м.Херсон, Торгова вул., 31",46.6341722,32.6082325,Середина ХІХ ст.,,Архітектура,Місцевого значення,Рішення облвиконкому,1990/09/21,№ 154,51-Хр
23,28,Меморіальна дошка на честь лікаря О.С. Лучанського,"Україна, Херсонська область, м.Херсон, Провулок Інженера Корсакова вул., 167",46.6424016,32.6188971,,1993 р. - дата встановлення дошки,Історія,Місцевого значення,Розпорядження ОДА,2000/03/03,№ 244,2000
24,29,Пам’ятний знак на честь 295 стрілецької дивізії,"Україна, Херсонська область, м.Херсон, 295 Стрілецької дивізії вул.",46.6429123,32.6167889,1941–1945рр.,,Історія,Місцевого значення,Рішення облвиконкому,1984/02/17,№ 108/4,408
25,30,Комерційне училище (мур.),"Україна, Херсонська область, м.Херсон, Белінського вул., 3",46.6381885,32.6137941,1908р.,,Архітектура,Місцевого значення,Рішення облвиконкому,1990/09/21,№ 154,32-Хр
26,31,Лікарня Російського товариства Червоного хреста (мур.),"Україна, Херсонська область, м.Херсон, Белінського вул., 6",46.6383068,32.6129631,Кінець ХІХ ст.,,Архітектура,Місцевого значення,Рішення облвиконкому,1990/09/21,№ 154,33-Хр
27,32,Брама (мур.),"Україна, Херсонська область, м.Херсон, Белінського вул., 26",46.6366081,32.604781,1865р.,,Архітектура,Місцевого значення,Рішення облвиконкому,1990/09/21,№ 154,34-Хр
28,33,Пам’ятник Б. Хмельницькому,"Україна, Херсонська область, м.Херсон, Полковника Кедровського вул., 52",46.6706615,32.5908939,1954р.,,Монументальне мистецтво,Місцевого значення,Рішення облвиконкому,1970/05/14,№ 198/9,117
29,34,Меморіальна дошка О.Ю. Гірського,"Україна, Херсонська область, м.Херсон, Гірського вул.2, 57",46.6421933,32.6105527,1941–1945рр.,1977 р. – дата встановлення дошки,Історія,Місцевого значення,Рішення облвиконкому,1983/01/21,№ 59/2,1003
30,35,Житловий будинок (мур.),"Україна, Херсонська область, м.Херсон, Гоголя вул., 13",46.6347172,32.615641,Середина ХХ ст.,1995 р – добудова 3-го поверху,Архітектура,Місцевого значення,Рішення облвиконкому,1990/09/21,№ 154,35-Хр
31,36,"Будинок, пам'ятка архітектури та історії","Україна, Херсонська область, м.Херсон, Гоголя вул., 14",46.6360379,32.6152595,1941-1945рр.,,Історія,Місцевого значення,Рішення облвиконкому,1983/01/21,№ 59/2,1001
32,37,Житловий будинок (мур.),"Україна, Херсонська область, м.Херсон, Гоголя вул., 16",46.6362559,32.6147745,Початок ХХ ст.,,Архітектура,Місцевого значення,Рішення облвиконкому,1990/09/21,№ 154,11-Хр
33,38,"Будинок, в якому народився та мешкав письменник Б. Лавреньов","Україна, Херсонська область, м.Херсон, Театральна вул., 1",46.6350156,32.6166514,1891р.,,Історія,Місцевого значення,Рішення облвиконкому,1983/01/21,№ 59/2,54
34,39,"Природо-історичний музей (мур.). Будинок музею, в якому працював вчений-біолог Й.К. Пачоський","Україна, Херсонська область, м.Херсон, Театральна вул., 5",46.6345075,32.6147171,1905р.Початок ХХ ст.,,Архітектура та Історія,Місцевого значення,Розпорядження ОДА,1990/09/21,№ 154,13
35,40,Житловий будинок (мур.),"Україна, Херсонська область, м.Херсон, Театральна вул., 9",46.6336896,32.6118127,1910р.,,Архітектура,Місцевого значення,Рішення облвиконкому,1990/09/21,№ 154,37-Хр
36,41,Житловий будинок (мур.),"Україна, Херсонська область, м.Херсон, Театральна вул., 13",46.6335499,32.6111968,1910р.,,Архітектура,Місцевого значення,Рішення облвиконкому,1990/09/21,№ 154,38-Хр
37,42,Кінотеатр “Ампір”(мур.),"Україна, Херсонська область, м.Херсон, Театральна вул., 17",46.6330645,32.6095557,Початок ХХ ст.,,Архітектура,Місцевого значення,Рішення облвиконкому,1990/09/21,№ 154,12-Хр
38,43,Адміністративний будинок,"Україна, Херсонська область, м.Херсон, Театральна вул., 18",46.6341734,32.6121416,1910–1914рр.,,Архітектура,Місцевого значення,Рішення облвиконкому,1990/09/21,№ 154,13-Хр
39,44,"Житловий будинок (мур.) Будинок, в якому мешкав Коста Хетагуров","Україна, Херсонська область, м.Херсон, Театральна вул., 19",46.632865,32.6088634,Друга половина ХІХ ст.1900р.,,Архітектура та Історія,Місцевого значення,Рішення облвиконкому,1990/09/21,№ 154,53
40,45,Житловий будинок (мур.),"Україна, Херсонська область, м.Херсон, Театральна вул., 20",46.6340604,32.6117055,Середина ХІХ ст.,,Архітектура,Місцевого значення,Рішення облвиконкому,1990/09/21,№ 154,40-Хр
41,46,Житловий будинок (мур.),"Україна, Херсонська область, м.Херсон, Театральна вул., 22",46.6337478,32.610577,Середина ХІХ ст.,,Архітектура,Місцевого значення,Рішення облвиконкому,1990/09/21,№ 154,41-Хр
42,47,Житловий будинок (мур.),"Україна, Херсонська область, м.Херсон, Театральна вул., 26",46.6335416,32.6098396,1910р.,,Архітектура,Місцевого значення,Рішення облвиконкому,1990/09/21,№ 154,42-Хр
43,48,"Синагога ""Хабад"" (мур)","Україна, Херсонська область, м.Херсон, Театральна вул., 27",46.6321907,32.6070896,1910-ті рр.,,Архітектура,Місцевого значення,Рішення облвиконкому,1990/09/21,№ 154,44-Хр
44,49,Житловий будинок (мур.),"Україна, Херсонська область, м.Херсон, Театральна вул., 28",46.6334419,32.6094935,1890-ті рр.,,Архітектура,Місцевого значення,Рішення облвиконкому,1990/09/21,№ 154,45-Хр
45,50,Житловий будинок (мур.),"Україна, Херсонська область, м.Херсон, Театральна вул., 32",46.6331823,32.6083967,1900-ті рр.,,Архітектура,Місцевого значення,Рішення облвиконкому,1990/09/21,№ 154,46-Хр
46,51,"Будинок, де у 1902 році була випробувана перша на Україні радіостанція","Україна, Херсонська область, м.Херсон, Театральна вул., 56",46.631522,32.6019392,1902р.,,Історія,Місцевого значення,Рішення облвиконкому,1983/01/21,№ 59/2,11
47,52,Житловий будинок (мур.),"Україна, Херсонська область, м.Херсон, Готельний пров., 2",46.6360876,32.613824,Початок ХХ ст.,,Архітектура,Місцевого значення,Рішення облвиконкому,1990/09/21,№ 154,47-Хр
48,53,Житловий будинок (мур.),"Україна, Херсонська область, м.Херсон, Готельний пров., 7",46.6354595,32.6133168,1890-ті рр.,,Архітектура,Місцевого значення,Рішення облвиконкому,1990/09/21,№ 154,48-Хр
49,54,Житловий будинок (мур.),"Україна, Херсонська область, м.Херсон, Готельний пров., 9",46.6354061,32.6129573,1910-ті рр.,,Архітектура,Місцевого значення,Рішення облвиконкому,1990/09/21,№ 154,49-Хр
50,55,Житловий будинок (мур.),"Україна, Херсонська область, м.Херсон, Преображенська вул., 12",46.6364594,32.6132155,Кінець ХІХ ст.,,Архітектура,Місцевого значення,Рішення облвиконкому,1990/09/21,№ 154,55-Хр
51,56,Житловий будинок (мур.),"Україна, Херсонська область, м.Херсон, Преображенська вул., 14",46.6363298,32.6128311,Перша половина ХІХ ст.,,Архітектура,Місцевого значення,Рішення облвиконкому,1990/09/21,№ 154,56-Хр
52,57,Будинок колишньої повітової земської управи,"Україна, Херсонська область, м.Херсон, Преображенська вул., 20",46.6360154,32.6114328,1865-1917рр.,1950-ті рр. - перебудова,Історія,Місцевого значення,Розпорядження ОДА,2000/03/03,№ 244,1683
53,58,Житловий будинок (мур.),"Україна, Херсонська область, м.Херсон, Преображенська вул., 25",46.635696,32.6116547,Друга половина ХІХ-початок ХХ ст.,,Архітектура,Місцевого значення,Рішення облвиконкому,1990/09/21,№ 154,57-Хр
54,59,"Дуб звичайний ""Дуб черешчатий""","Україна, Херсонська область, м.Херсон, Преображенська вул., 31",46.6354399,32.6107443,1890-ті рр.,,Природи,Місцевого значення,Рішення обласного виконкому,1975/12/04,№651/24,
55,60,Житловий будинок (мур.),"Україна, Херсонська область, м.Херсон, Преображенська вул., 43-45",46.6347886,32.6087996,1900-1910рр.,,Архітектура,Місцевого значення,Рішення облвиконкому,1990/09/21,№ 154,58-Хр
56,61,"Будинок – колишня гімназія, в якій навчались Є.В. Тарле і Б.О. Лавреньов.","Україна, Херсонська область, м.Херсон, Віктора Гошкевича вул., 2",46.6312285,32.617997,1901-1909рр.,,Історія,Місцевого значення,Рішення облвиконкому,1983/01/21,№ 59/2,14
57,62,Російський банк для зовнішньої торгівлі (мур.) (Будинок Фальц-Фейнів),"Україна, Херсонська область, м.Херсон, Віктора Гошкевича вул., 15",46.6301708,32.6154046,1890-ті рр.,,Архітектура,Місцевого значення,Рішення облвиконкому,1990/09/21,№ 154,60-Хр
58,63,Житловий будинок (мур.),"Україна, Херсонська область, м.Херсон, Віктора Гошкевича вул., 29",46.6292684,32.6136058,1858-1900рр.,,Архітектура,Місцевого значення,Рішення облвиконкому,1990/09/21,№ 154,61-Хр
59,64,Гімназія Марченко (мур.),"Україна, Херсонська область, м.Херсон, Дори Любарської пров., 19",46.6329054,32.6157795,Початок ХХ ст.,,Архітектура,Місцевого значення,Рішення облвиконкому,1990/09/21,№ 154,77-Хр
60,66,Стрітенська церква (мур.),"Україна, Херсонська область, м.Херсон, Василя Стуса вул., 45",46.6394302,32.5793989,Кінець ХІХ ст.,,Архітектура,Місцевого значення,Рішення облвиконкому,1990/09/21,№ 154,31-Хр
61,67,Житловий будинок (мур.),"Україна, Херсонська область, м.Херсон, Рішельєвська вул., 12",46.6306825,32.6121463,Початок ХХ ст.,,Архітектура,Місцевого значення,Рішення облвиконкому,1990/09/21,№ 154,80-Хр
62,68,Меморіальна дошка жертвам нацизму,"Україна, Херсонська область, м.Херсон, Рішельєвська вул., 13",46.6289429,32.6127156,1941–1945рр.,,Історія,Місцевого значення,Рішення облвиконкому,1985/03/01,№ 106/5,
63,69,Житловий будинок (мур.),"Україна, Херсонська область, м.Херсон, Рішельєвська вул., 36",46.6369027,32.6092243,1910-ті рр.,,Архітектура,Місцевого значення,Рішення облвиконкому,1990/09/21,№ 154,81-Хр
64,70,Житловий будинок (мур.),"Україна, Херсонська область, м.Херсон, Рішельєвська вул., 39",46.6357263,32.6088509,Початок ХХ ст.,,Архітектура,Місцевого значення,Рішення облвиконкому,1990/09/21,№ 154,82-Хр
65,71,Житловий будинок (мур.),"Україна, Херсонська область, м.Херсон, Рішельєвська вул., 45",46.6365916,32.6085159,1910-ті рр.,,Архітектура,Місцевого значення,Рішення облвиконкому,1990/09/21,№ 154,84-Хр
66,72,Братська могила жертв нацизму,"Україна, Херсонська область, м.Херсон, Зеленівка смт., Дніпровський р-н., північно-східна межа",46.6507949,32.6341002,1941р.,,Історія,Місцевого значення,Рішення облвиконкому,1983/01/21,№ 59/2,1153
67,73,Яхтклуб (мур.),"Україна, Херсонська область, м.Херсон, Карантинний острів",46.5982196,32.5752422,1883р.,,Архітектура,Місцевого значення,Рішення облвиконкому,1990/09/21,№ 154,1-Хр
68,79,"Меморіальна стела на честь воїнів-портовиків, що загинули в роки Другої Світової Війни","Україна, Херсонська область, м.Херсон, Потьомкінська вул. ріг Спартаківського пров.",46.6399424,32.6099414,1941-1945рр.,,Історія,Місцевого значення,Рішення облвиконкому,1970/05/14,№ 198/9,39
69,80,Житловий будинок Лобрі (мур.). ,"Україна, Херсонська область, м.Херсон, Потьомкінська вул., 20",46.6330738,32.6142195,Кінець ХІХ ст.1919р,,Архітектура та Історія,Місцевого значення,Рішення облвиконкому,1990/09/21,№ 154,47
70,81,"Житловий будинок (готель ""Берлін""). ","Україна, Херсонська область, м.Херсон, Потьомкінська вул., 26",46.6351281,32.6130378,1910-ті рр.1918р.,,Архітектура та Історія,Місцевого значення,Рішення облвиконкому,1990/09/21,№ 154,90
71,82,Житловий будинок (мур.),"Україна, Херсонська область, м.Херсон, Потьомкінська вул., 30",46.6358049,32.6126969,1950-ті рр.,,Архітектура,Місцевого значення,Рішення облвиконкому,1990/09/21,№ 154,79-Хр
72,83,"Пам’ятник працівникам заводу, які загинули в роки ВВВ","Україна, Херсонська область, м.Херсон, Вячеслава Чорновола шосе",46.6714596,32.6709135,1941-1945рр.,1965 р. – встановлено пам’ятник,Історія,Місцевого значення,Рішення облвиконкому,1970/05/14,№ 198/9,82
73,84,Житловий будинок (мур.),"Україна, Херсонська область, м.Херсон, Лютеранська вул., 4",46.6333384,32.620352,Початок ХХ ст.,,Архітектура,Місцевого значення,Рішення облвиконкому,1990/09/21,№ 154,62-Хр
74,85,Будинок голови міської думи (мур.),"Україна, Херсонська область, м.Херсон, Лютеранська вул., 18",46.6337941,32.622283,Початок ХХ ст.,,Архітектура,Місцевого значення,Рішення облвиконкому,1990/09/21,№ 154,2-Хр
75,86,Комплекс споруд лікарні Тропіних,"Україна, Херсонська область, м.Херсон, Комарова вул., 2",46.6476384,32.601591,1914р.,,,Місцевого значення,,,,
76,88,Житловий будинок (будинок Лайера),"Україна, Херсонська область, м.Херсон, Старообрядницька вул., 5",46.6333361,32.6152899,Кінець ХІХ ст.,,Архітектура,Місцевого значення,Рішення облвиконкому,1990/09/21,№ 154,64-Хр
77,89,Адміністративний будинок (мур.),"Україна, Херсонська область, м.Херсон, Старообрядницька вул., 10",46.6332212,32.6142381,1910-ті рр.,,Архітектура,Місцевого значення,Рішення облвиконкому,1990/09/21,№ 154,13-Хр
78,90,"Будинок, пам'ятка архітектури та історії","Україна, Херсонська область, м.Херсон, Старообрядницька вул., 13",46.6321346,32.6127308,1918-1920рр.,,Історія,Місцевого значення,Розпорядження ОДА,2000/03/03,№ 244,1099
79,91,Житловий будинок (мур.),"Україна, Херсонська область, м.Херсон, Старообрядницька вул., 18",46.6327766,32.6097327,Початок ХХ ст.,,Архітектура,Місцевого значення,Рішення облвиконкому,1990/09/21,№ 154,15-Хр
80,92,Житловий будинок (мур.),"Україна, Херсонська область, м.Херсон, Старообрядницька вул., 20",46.6327001,32.6093798,Початок ХХ ст.,,Архітектура,Місцевого значення,Рішення облвиконкому,1990/09/21,№ 154,16-Хр
81,93,Адміністративний будинок (мур.),"Україна, Херсонська область, м.Херсон, Старообрядницька вул., 21",46.6313979,32.6113498,1910-ті рр.,,Архітектура,Місцевого значення,Рішення облвиконкому,1990/09/21,№ 154,17-Хр
82,94,Гімназія (мур.) (Будинок Лівшиця),"Україна, Херсонська область, м.Херсон, Старообрядницька вул., 22",46.6321503,32.6092576,Середина ХІХ ст.,,Архітектура,Місцевого значення,Рішення облвиконкому,1990/09/21,№ 154,65-Хр
83,95,"Будинок, в якому жив художник Ю.Г. Феглер","Україна, Херсонська область, м.Херсон, Старообрядницька вул., 24",46.6320572,32.6089563,Початок ХХ ст.,,Історія,Місцевого значення,Розпорядження ОДА,2000/03/03,№ 244,1261
84,96,"Будинок, пам'ятка архітектури та історії","Україна, Херсонська область, м.Херсон, Старообрядницька вул., 25",46.6317996,32.6094995,1919р.,кінець ХІХ ст. – дата спорудження будинку,Історія,Місцевого значення,Рішення облвиконкому,1970/05/14,№ 198/9,56
85,97,Житловий будинок (мур.),"Україна, Херсонська область, м.Херсон, Старообрядницька вул., 31",46.6314136,32.6078766,Середина ХІХ ст.,,Архітектура,Місцевого значення,Рішення облвиконкому,1990/09/21,№ 154,67-Хр
86,98,Житловий будинок (мур.),"Україна, Херсонська область, м.Херсон, Старообрядницька вул., 33",46.6312938,32.6073957,Середина ХІХ ст.,,Архітектура,Місцевого значення,Рішення облвиконкому,1990/09/21,№ 154,68-Хр
87,99,Лікарня (мур.),"Україна, Херсонська область, м.Херсон, Старообрядницька вул., 35",46.631068,32.6068516,1910-ті рр.,,Архітектура,Місцевого значення,Рішення облвиконкому,1990/09/21,№ 154,18-Хр
88,100,Меморіальна дошка на честь Маруша Заруського (католицький костел),"Україна, Херсонська область, м.Херсон, Старообрядницька вул., 37",46.6308151,32.6057998,1867-1941рр.,,Історія,Місцевого значення,Розпорядження ОДА,2000/03/03,№ 244,532
89,101,"Будинок, де розміщувалась школа О.Г.Гозадінової","Україна, Херсонська область, м.Херсон, Кошовий спуск, 17",46.6279742,32.5951129,Початок ХХ ст.,,Історія,Місцевого значення,Розпорядження ОДА,2000/03/03,№ 244,524
90,102,"Дуб звичайний ""Дуб черешчатий""","Україна, Херсонська область, м.Херсон, ім.Шевченка парк",46.635417,32.616867,1869р.,,Природи,Місцевого значення,Розпорядження обласної Ради народних депутатів,1964/04/22,№238,
91,103,Житлова садиба (мур.),"Україна, Херсонська область, м.Херсон, Соборна вул., 4",46.6316578,32.6180163,Початок ХІХ ст.,,Архітектура,Місцевого значення,Рішення облвиконкому,1990/09/21,№ 154,71-Хр
92,104,Успенський собор (мур.),"Україна, Херсонська область, м.Херсон, Соборна вул., 5",46.6312591,32.6166168,1784р.,,Архітектура,Місцевого значення,Рішення облвиконкому,1990/09/21,№ 154,19-Хр
93,106,Будинок колишнього окружного суду (мур.),"Україна, Херсонська область, м.Херсон, Соборна вул., 9",46.6293153,32.6103078,1893р.Кінець ХІХ –початок ХХ ст.,,Архітектура та Історія,Місцевого значення,Розпорядження ОДА,1990/09/21,№ 154,77
94,110,Житловий будинок (мур.),"Україна, Херсонська область, м.Херсон, Соборна вул., 10",46.6313523,32.6165414,Початок ХІХ ст.,,Архітектура,Місцевого значення,Рішення облвиконкому,1990/09/21,№ 154,73-Хр
95,111,Житловий будинок Анатра (мур.),"Україна, Херсонська область, м.Херсон, Соборна вул., 18",46.6309286,32.6142025,1905р.,,Архітектура,Місцевого значення,Рішення облвиконкому,1990/09/21,№ 154,20-Хр
96,113,Готель “Європейський” (мур.). ,"Україна, Херсонська область, м.Херсон, Соборна вул., 26",46.6299885,32.6114252,1915р.1941-1945рр.,,Архітектура та Історія,Місцевого значення,Рішення облвиконкому,1990/09/21,№ 154,48
97,114,Житловий будинок (мур.),"Україна, Херсонська область, м.Херсон, Соборна вул., 30",46.6299566,32.6108782,Друга половина ХІХ ст.,,Архітектура,Місцевого значення,Рішення облвиконкому,1990/09/21,№ 154,74-Хр
98,115,Конторська будівля (мур.),"Україна, Херсонська область, м.Херсон, Соборна вул., 32-Б",46.6298355,32.6103463,Початок ХХ ст.,,Архітектура,Місцевого значення,Рішення облвиконкому,1990/09/21,№ 154,75-Хр
99,116,Будинок колишньої Херсонської міської думи (мур.). ,"Україна, Херсонська область, м.Херсон, Соборна вул., 34",46.6299058,32.6094375,1905р.20 березня 1918р.,,Архітектура та Історія,Місцевого значення,Рішення облвиконкому,1990/09/21,№ 154,29
100,117,Особняк П.Соколова (мур.),"Україна, Херсонська область, м.Херсон, Соборна вул., 36",46.6295233,32.6088998,Кінець ХІХ –початок ХХ ст.,,Архітектура,Місцевого значення,Рішення облвиконкому,1990/09/21,№ 154,76-Хр
101,118,Пам'ятник І.Кулику,"Україна, Херсонська область, м.Херсон,  Херсонська фортеця парк",46.641022,32.6262627,1966р.,,Монументальне мистецтво,Місцевого значення,Рішення облвиконкому,1983/01/21,№ 59/2,97
102,120,"Дуб звичайний ""Віковий дуб""","Україна, Херсонська область, м.Херсон, Ломоносова вул., 75",46.6333037,32.5900332,1890-ті рр.,,Природи,Місцевого значення,Рішення обласного виконкому,1972/03/02,№100/4,
103,121,"Будинок, пам'ятка архітектури та історії","Україна, Херсонська область, м.Херсон, Маяковського пров., 1",46.6416463,32.6142954,1941-1945рр.,,Історія,Місцевого значення,Рішення облвиконкому,1983/01/21,№ 59/2,88
104,122,"Будинок, пам'ятка архітектури та історії","Україна, Херсонська область, м.Херсон, Гетьмана Сагайдачного вул., 20",46.6336719,32.6053488,1941-1945рр.,,Історія,Місцевого значення,Розпорядження ОДА,2000/03/03,№ 244,2032
105,123,Комплекс пам’яток Херсонського меморіального кладовища,"Україна, Херсонська область, м.Херсон, Молодіжна вул., 1",46.6472016,32.6126431,ХVIIIст.–1970-ті рр.,,Історія,Місцевого значення,Розпорядження ОДА,2000/03/03,№ 244,314
106,141,"Будинок, пам'ятка архітектури та історії","Україна, Херсонська область, м.Херсон, Молодіжна вул., 33",46.6498515,32.6218658,1941р.,1965 р. – дата встановлення меморіальної дошки,Історія,Місцевого значення,Рішення облвиконкому,1983/01/21,№ 59/2,61
107,142,Житловий будинок (мур.),"Україна, Херсонська область, м.Херсон, Морська вул., 5",46.6318541,32.6210983,1900-ті рр.,,Архітектура,Місцевого значення,Рішення облвиконкому,1990/09/21,№ 154,23-а-Хр
108,143,"Пам’ятник на честь нафтовиків, загиблих у 1941-1945 рр.","Україна, Херсонська область, м.Херсон, Нафтовиків вул., 52",46.6584658,32.5755699,1941-1945рр.,1967 р. – дата встановлення пам'ятника,Історія,Місцевого значення,Рішення облвиконкому,1983/01/21,№ 59/2,1006
109,145,Жіноча Маріїнська гімназія (мур.),"Україна, Херсонська область, м.Херсон, Перекопська вул., 3",46.6363393,32.6182664,1896р.,,Архітектура,Місцевого значення,Рішення облвиконкому,1990/09/21,№ 154,5-Хр
110,147,Будинок Херсонського відділення колишнього державного банку,"Україна, Херсонська область, м.Херсон, Перекопська вул., 5",46.6365324,32.6192421,1903р.,,Архітектура та Історія,Місцевого значення,Розпорядження Голови Херсонської ОДА,1990/09/21,№ 154,24-Хр
111,148,Народний будинок (мур.). ,"Україна, Херсонська область, м.Херсон, Перекопська вул., 9",46.6369696,32.6201999,1904р.1905р.,,Архітектура та Історія,Місцевого значення,Розпорядження Голови Херсонської ОДА,1990/09/21,№ 154,50
112,149,"Будинок, пам'ятка архітектури та історії","Україна, Херсонська область, м.Херсон, Перекопська вул., 12",46.6406306,32.6309048,1918-1919рр.,,Історія,Місцевого значення,Рішення облвиконкому,1983/01/21,№ 59/2,44
113,166,"Будинок, в якому мешкав М.Ф. Чернявський та зупинявся М.М. Коцюбинський","Україна, Херсонська область, м.Херсон, Перекопська вул., 18",46.6415651,32.6316667,1903-1937рр.,,Історія,Місцевого значення,Рішення облвиконкому,1983/01/21,№ 59/2,60
114,167,Пам'ятний камінь на честь визволення Херсона у 1944 р.,"Україна, Херсонська область, м.Херсон, Перекопська вул.",46.6515445,32.6440867,1944р.,1965 р. – встановлено пам'ятний камінь,Історія,Місцевого значення,Рішення облвиконкому,1983/01/21,№ 59/2,41
115,168,Монумент на честь 50-річчя Перемоги у ВВВ,"Україна, Херсонська область, м.Херсон, Перемоги пл.",46.6516624,32.5938615,1941-1945рр.,,Історія,Місцевого значення,Розпорядження ОДА,2000/03/03,№ 244,1889
116,169,Будинок купця Медведєва (мур.),"Україна, Херсонська область, м.Херсон, Михайлівська вул., 6",46.6285221,32.6181805,1900р.,,Архітектура,Місцевого значення,Рішення облвиконкому,1990/09/21,№ 154,7-Хр
117,170,"Пам’ятник на честь воїнів-заводчан, які загинули в роки ВВВ","Україна, Херсонська область, м.Херсон, Михайлівська вул., 7",46.6282342,32.6183574,1941-1945рр.,1976 р. – дата встановлення пам'ятника,Історія,Місцевого значення,Рішення облвиконкому,1983/01/21,№ 59/2,407
118,171,Меморіальна дошка на місці розстрілу радянських військовополонених,"Україна, Херсонська область, м.Херсон, Купецька вул., 3",46.6423047,32.5953038,1941-1945рр.,,Історія,Місцевого значення,Розпорядження ОДА,2000/03/03,№ 244,1918
119,172,Парк обласного ліцею,"Україна, Херсонська область, м.Херсон, Полтавська вул., 89",46.638432,32.5614515,1868р.,,Садово-паркове мистецтво,Місцевого значення,Розпорядження обласної Ради народних депутатів,1964/04/22,№238,
120,176,Всіхсвятська церква (мур.),"Україна, Херсонська область, м.Херсон, Пугачова вул., 1",46.6478601,32.6057087,1808р.,,Архітектура,Місцевого значення,Рішення облвиконкому,1990/09/21,№ 154,8-Хр
121,177,Будинок лікарні Є.Є. Діканської,"Україна, Херсонська область, м.Херсон, Ярослава Мудрого вул., 22",46.6369763,32.6106752,Кінець ХІХ-початок ХХ ст.,,Історія,Місцевого значення,Розпорядження ОДА,2000/03/03,№ 244,1893
122,178,Житлова садиба (мур.),"Україна, Херсонська область, м.Херсон, Ярослава Мудрого вул., 24-26",46.6367406,32.6102277,Кінець ХІХ ст.,,Архітектура,Місцевого значення,Рішення облвиконкому,1990/09/21,№ 154,85-Хр
123,179,Житловий будинок (мур.),"Україна, Херсонська область, м.Херсон, Ярослава Мудрого вул., 36",46.6362874,32.6078272,Початок ХХ ст.,,Архітектура,Місцевого значення,Рішення облвиконкому,1990/09/21,№ 154,86-Хр
124,180,Житловий будинок (мур.),"Україна, Херсонська область, м.Херсон, Ярослава Мудрого вул., 38",46.6347404,32.603383,1890-1910рр.,,Архітектура,Місцевого значення,Рішення облвиконкому,1990/09/21,№ 154,87-Хр
125,181,Панкратьєвський міст (мур.),"Україна, Херсонська область, м.Херсон, Робоча вул.35-37",46.6397519,32.6031687,Середина ХІХ ст.,,Архітектура,Місцевого значення,Рішення облвиконкому,1990/09/21,№ 154,26-Хр
126,182,"Дуб звичайний ""Дуб на інтенсивці""","Україна, Херсонська область, м.Херсон, Робоча вул., 76-А",46.646469,32.5891751,1856р.,,Природи,Місцевого значення,Рішення обласного виконкому,1970/06/11,№257/11,
127,183,Пам'ятник Маяковському В.В.,"Україна, Херсонська область, м.Херсон, Стрітенська вул., 17",46.6449436,32.5855845,1962р.,,Монументальне мистецтво,Місцевого значення,Рішення облвиконкому,1983/01/21,№ 59/2,114
128,184,"Пам’ятник на честь студентів та співробітників Херсонського с/г інституту, які загинули у Другій Світовій Війні","Україна, Херсонська область, м.Херсон, Стрітенська вул., 23",46.6423953,32.584541,1941-1945рр.,1969 р. – дата встановлення,Історія,Місцевого значення,Рішення облвиконкому,1983/01/21,№ 59/2,1002
130,187,Меморіальна дошка на честь художника Г.В. Курнакова,"Україна, Херсонська область, м.Херсон, Свободи площа, 2",46.6395348,32.6153742,1887-1977рр.,,Історія,Місцевого значення,Розпорядження ОДА,2000/03/03,№ 244,1917
131,188,Могила Невідомого солдата,"Україна, Херсонська область, м.Херсон, Слави парк",46.6361031,32.6336173,1941-1945рр.,,Історія,Місцевого значення,Рішення облвиконкому,1983/01/21,№ 59/2,9
132,191,"Будинок, пам'ятка архітектури та історії","Україна, Херсонська область, м.Херсон, Качельна вул., 60",46.6348104,32.5866688,1919-1920рр.,,Історія,Місцевого значення,Рішення облвиконкому,1983/01/21,№ 59/2,59
134,193,Пам'ятник Суворову О.В.,"Україна, Херсонська область, м.Херсон, Суворова вул.",46.6309444,32.6102423,"1904р.,12вересня1950р.",,Історія та Монументальне мистецтво,Місцевого значення,Рішення облвиконкому,1983/01/21,№ 59/2,94
135,194,"Будинок, в якому знаходилась штаб-квартира О.В. Суворова","Україна, Херсонська область, м.Херсон, Суворова вул., 1-А",46.6325635,32.6172474,1792-1794рр.,,Історія,Місцевого значення,Рішення облвиконкому,1983/01/21,№ 59/2,12
136,195,Присутні місця,"Україна, Херсонська область, м.Херсон, Суворова вул., 1--Б",46.631631,32.6122669,1780-ті рр.,,Архітектура,Місцевого значення,Рішення облвиконкому,1990/09/21,№ 154,88-Хр
137,196,Брама клубу “Трудові резерви” (мур.),"Україна, Херсонська область, м.Херсон, Суворова вул., 3",46.6322612,32.6163505,1950р.,,Архітектура,Місцевого значення,Рішення облвиконкому,1990/09/21,№ 154,89-Хр
138,197,Житловий будинок (мур.),"Україна, Херсонська область, м.Херсон, Суворова вул., 5",46.6320983,32.6157414,Середина ХІХ ст.,,Архітектура,Місцевого значення,Рішення облвиконкому,1990/09/21,№ 154,90-Хр
139,198,"Будинок, пам'ятка архітектури та історії","Україна, Херсонська область, м.Херсон, Суворова вул., 6",46.6325354,32.6157556,Перша половина ХІХ ст.1930-1937рр.,,Архітектура та Історія,Місцевого значення,Рішення облвиконкому,1990/09/21,№ 154,62
140,199,Житловий будинок (мур.),"Україна, Херсонська область, м.Херсон, Суворова вул., 8",46.6323622,32.614915,1890-ті рр.,,Архітектура,Місцевого значення,Рішення облвиконкому,1990/09/21,№ 154,92-Хр
141,200,Житловий будинок (мур.),"Україна, Херсонська область, м.Херсон, Суворова вул., 9",46.6319915,32.6150221,1950-ті рр.,,Архітектура,Місцевого значення,Рішення облвиконкому,1990/09/21,№ 154,93-Хр
142,201,Брама (мур.),"Україна, Херсонська область, м.Херсон, Суворова вул., 17-19",46.6313131,32.6124057,Друга половина ХІХ ст.,,Архітектура,Місцевого значення,Рішення облвиконкому,1990/09/21,№ 154,94-Хр
143,202,Будинок житловий (банк),"Україна, Херсонська область, м.Херсон, Суворова вул., 21",46.6313504,32.6112968,1910-ті рр.,,Архітектура,Місцевого значення,Рішення облвиконкому,1990/09/21,№ 154,95-Хр
144,203,Будинок купця (мур.),"Україна, Херсонська область, м.Херсон, Суворова вул., 22",46.6316308,32.612267,Друга половина ХІХ ст.,,Архітектура,Місцевого значення,Рішення облвиконкому,1990/09/21,№ 154,96-Хр
145,204,"Будинок, пам'ятка архітектури та історії","Україна, Херсонська область, м.Херсон, Суворова вул., 24",46.6315377,32.6119659,1917р.,,Історія,Місцевого значення,Рішення облвиконкому,1970/05/14,№ 198/9,49
146,205,Житловий будинок (мур.),"Україна, Херсонська область, м.Херсон, Суворова вул., 25",46.6309672,32.6110525,Початок ХХ ст.,,Архітектура,Місцевого значення,Рішення облвиконкому,1990/09/21,№ 154,97-Хр
147,206,Житловий будинок (мур.),"Україна, Херсонська область, м.Херсон, Суворова вул., 28",46.6312047,32.6103745,1913р.,,Архітектура,Місцевого значення,Рішення облвиконкому,1990/09/21,№ 154,27-Хр
148,207,Місце страти херсонських підпільників,"Україна, Херсонська область, м.Херсон, Суворова вул., 29",46.6304198,32.6101326,1941–1945рр.,,Історія,Місцевого значення,Рішення облвиконкому,1983/01/21,№ 59/2,37
149,208,Житловий будинок (мур.),"Україна, Херсонська область, м.Херсон, Суворова вул., 31-А",46.6304146,32.6086342,Початок ХІХ ст.,,Архітектура,Місцевого значення,Рішення облвиконкому,1990/09/21,№ 154,98-Хр
150,211,Житловий будинок (будинок Сербінова),"Україна, Херсонська область, м.Херсон, Суворова вул., 35",46.6300326,32.607526,1909р.,,Архітектура,Місцевого значення,Рішення облвиконкому,1990/09/21,№ 154,28-Хр
151,212,Банк (мур.). Будинок колишнього банку Товариства взаємного кредитування,"Україна, Херсонська область, м.Херсон, Суворова вул., 37",46.6300549,32.6068633,1894р.Кінець ХІХ-початок ХХ ст.,,Архітектура та Історія,Місцевого значення,Рішення облвиконкому,1990/09/21,№ 154,193
152,213,Лікарня (мур.),"Україна, Херсонська область, м.Херсон, Суворова вул., 40",46.6310113,32.603868,Кінець ХІХ ст.,,Архітектура,Місцевого значення,Рішення облвиконкому,1990/09/21,№ 154,100-Хр
153,214,Житловий будинок (мур.),"Україна, Херсонська область, м.Херсон, Суворова вул., 51",46.6307458,32.6033823,1910р.,,Архітектура,Місцевого значення,Рішення облвиконкому,1990/09/21,№ 154,101-Хр
154,215,"Будинок, в якому розташовувався госпіталь в період Кримської війни","Україна, Херсонська область, м.Херсон, Сухарна вул., 9",46.6366741,32.5808536,Кінець ХІХ-початок ХХ ст.,,Історія,Місцевого значення,Розпорядження ОДА,2000/03/03,№ 244,87
155,217,Пам'ятник Шевченку Т.Г.,"Україна, Херсонська область, м.Херсон, Текстильників пр.",46.655462,32.6460961,1971р.,,Монументальне мистецтво,Місцевого значення,Рішення облвиконкому,1983/01/21,№ 59/2,99
156,218,"Пам'ятник на честь працівників ПТС, загиблих на фронтах війни","Україна, Херсонська область, м.Херсон, ТЕЦ р-н.",46.6750305,32.6496762,1941–1945рр.,1970 р. – встановлено пам'ятник,Історія,Місцевого значення,Рішення облвиконкому,1983/01/21,№ 59/2,2049
157,219,Пам’ятник жертвам тоталітарного режиму,"Україна, Херсонська область, м.Херсон, Тираспольська вул.",46.6470769,32.6176725,30-50рр. ХХ ст.,1993 р.,Історія,Місцевого значення,Розпорядження ОДА,2000/03/03,№ 244,405
158,220,"Пам'ятник на честь працівників заводу, загиблих в роки війни","Україна, Херсонська область, м.Херсон, Тираспольська вул., 1",46.642525,32.6199412,1941–1945рр.,1967 р. – встановлено пам'ятник,Історія,Місцевого значення,Рішення облвиконкому,1983/01/21,№ 59/2,42
159,221,Пам’ятник першим корабелам Чорноморського флоту,"Україна, Херсонська область, м.Херсон, Тутушкіна пл.",46.6274518,32.6211254,1783р.,1972 р. – встановлення пам’ятника,Історія та Монументальне мистецтво,Місцевого значення,Рішення облвиконкому,1983/01/21,№ 59/2,1125
160,222,Будинок управління робіт Херсонського порту (мур.),"Україна, Херсонська область, м.Херсон, Ушакова пр-т., 4",46.6303685,32.6203659,1902р.,,Архітектура,Місцевого значення,Рішення облвиконкому,1990/09/21,№ 154,102-Хр
161,223,Житловий будинок (мур.),"Україна, Херсонська область, м.Херсон, Ушакова пр-т., 12",46.6321703,32.618784,1950-ті рр.,,Архітектура,Місцевого значення,Рішення облвиконкому,1990/09/21,№ 154,103-Хр
162,225,Житловий будинок (мур.),"Україна, Херсонська область, м.Херсон, Ушакова пр-т., 13",46.6502823,32.6083694,1950-ті рр.,,Архітектура,Місцевого значення,Рішення облвиконкому,1990/09/21,№ 154,104-Хр
163,226,Морехідне училище (мур.),"Україна, Херсонська область, м.Херсон, Ушакова пр-т., 14",46.6358753,32.6174387,1953р.,,Архітектура,Місцевого значення,Рішення облвиконкому,1990/09/21,№ 154,106-Хр
164,227,Житловий будинок (мур.),"Україна, Херсонська область, м.Херсон, Ушакова пр-т., 15",46.6320616,32.6184238,1953р.,,Архітектура,Місцевого значення,Рішення облвиконкому,1990/09/21,№ 154,105-Хр
165,228,"Будинок, у якому в 1891 році зупинявся О.М. Горький","Україна, Херсонська область, м.Херсон, Ушакова пр-т., 16",46.6364702,32.6168691,1891р.,,Історія,Місцевого значення,Рішення облвиконкому,1983/01/21,№ 59/2,58
166,229,Меморіальна дошка на честь Кушнаренка К.К.,"Україна, Херсонська область, м.Херсон, Ушакова пр-т., 20",46.6377014,32.6163726,1906-1990рр.,,Історія,Місцевого значення,Розпорядження ОДА,2000/03/03,№ 244,455
167,230,Лікарня Російського товариства Червоного хреста (мур.),"Україна, Херсонська область, м.Херсон, Ушакова пр-т., 22",46.63849,32.6168014,1914р.,,Архітектура,Місцевого значення,Рішення облвиконкому,1990/09/21,№ 154,107-Хр
168,231,Житловий будинок (мур.),"Україна, Херсонська область, м.Херсон, Ушакова пр-т, 27",46.6359263,32.6161355,1900-ті рр.,,Архітектура,Місцевого значення,Рішення облвиконкому,1990/09/21,№ 154,30-Хр
169,232,"Пам'ятний знак на честь робітників заводу карданних валів, які загинули в роки ВВВ","Україна, Херсонська область, м.Херсон, Олександрівська вул., 26",46.644452,32.6012934,1941-1945рр.,,Історія,Місцевого значення,Рішення облвиконкому,1970/05/14,№ 198/9,40
170,233,Пам'ятний камінь на місці загибелі 1276 жителів Херсону,"Україна, Херсонська область, м.Херсон, Гімназична вул.",46.6344889,32.6262639,1941–1945рр.,,Історія,Місцевого значення,Рішення облвиконкому,1983/01/21,№ 59/2,36
171,234,Житловий будинок (мур.),"Україна, Херсонська область, м.Херсон, Гімназична вул., 6",46.6321434,32.6206033,1890-ті рр.,,Архітектура,Місцевого значення,Рішення облвиконкому,1990/09/21,№ 154,69-Хр
172,235,Пивоварний завод,"Україна, Херсонська область, м.Херсон, Гімназична вул., 34",46.6359401,32.6292579,Кінець ХІХ ст.-1906р.,,Архітектура,Місцевого значення,Рішення облвиконкому,1990/09/21,№ 154,
173,236,"Будинок, в якому виступав з лекціями Д.І. Яворницький","Україна, Херсонська область, м.Херсон, Бородицька вул., 7",46.6292065,32.6174204,ХІХ –початок ХХ ст.,,Історія,Місцевого значення,Розпорядження ОДА,2000/03/03,№ 244,192
174,238,Арсенал (мур.),"Україна, Херсонська область, м.Херсон, вул. Перекопська, 10",46.6384734,32.6261357,1784р.,,Архітектура,Національного значення,,,,717
175,243,Греко-Софіївська церква (мур.),"Україна, Херсонська область, м.Херсон, вул. Богородицька, 13",46.6287873,32.6155728,1780о,,Архітектура,Національного значення,,,,722
176,248,Резиденція губернатора (мур.),"Україна, Херсонська область, м.Херсон, вул. Петра Калнишевського, 4/14",46.6339415,32.623928,1905р.,,Архітектура,Національного значення,,,,1623